Workbook

Sheet シート1
A2: カテゴリ | B2: 確認箇所 | C2: 項目 | D2: 備考 | E2: スコア | F2: 評価
A3: アカウント構造 | B3: KW | C3: ADG間で配信しているKWに重複はないか | D3: 4点：0%/3点：0~5%/2点：5~10%/1点：10~20%/0点：20%以上 | E3: =SUMIFS(KWRaw!Q:Q,KWRaw!T:T,">1",KWRaw!S:S,"<>#NAME?")/SUM(KWRaw!Q:Q) -> #N/A | F3: =IF(E3=0,4,IF(AND(E3>0,E3<=0.05),3,IF(AND(E3>0.05,E3<=0.1),2,IF(AND(E3>0.1,E3<=0.2),1,IF(E3>0.2,0,"要確認"))))) -> #N/A
A4: アカウント構造 | B4: クエリ | C4: ADG間で配信されているクエリの重複率は20%未満か | D4: 4点：20%未満/3点：20~30%/2点：30~40%/1点：40~50%/0点：50%以上 | E4: =SUMIF('クエリRaw'!N:N,">=2",'クエリRaw'!K:K)/SUM('クエリRaw'!K:K) -> #N/A | F4: =IF(E4<0.2,4,IF(AND(E4>=0.2,E4<0.3),3,IF(AND(E4>=0.3,E4<0.4),2,IF(AND(E4>=0.4,E4<0.5),1,IF(E4>=0.5,0,"要確認"))))) -> #N/A
A5: クリエイティブ | B5: KW | C5: 品質スコア6以上のKWコストシェアが60％以上か | D5: 4点：60％以上/3点：50~60%/2点：40~50%/1点：20~40%/0点：20%未満 | E5: =SUMIF(KWRaw!H:H,">=6",KWRaw!Q:Q)/SUM(KWRaw!Q:Q) -> #N/A | F5: =IF(E5>=0.6,4,IF(AND(E5<0.6,E5>=0.5),3,IF(AND(E5<0.5,E5>=0.4),2,IF(AND(E5<0.4,E5>=0.2),1,0)))) -> #N/A
A6: クリエイティブ | B6: KW | C6: 広告の関連性が平均より上のKWコストシェアが60%以上か | D6: 4点：60％以上/3点：50~60%/2点：40~50%/1点：20~40%/0点：20%未満 | E6: =SUMIF(KWRaw!I:I,"平均より上",KWRaw!Q:Q)/SUM(KWRaw!Q:Q) -> #N/A | F6: =IF(E6>=0.6,4,IF(AND(E6<0.6,E6>=0.5),3,IF(AND(E6<0.5,E6>=0.4),2,IF(AND(E6<0.4,E6>=0.2),1,0)))) -> #N/A
A7: クリエイティブ | B7: KW | C7: LPの利便性が平均より上のKWコストシェアが60%以上か | D7: 4点：60％以上/3点：50~60%/2点：40~50%/1点：20~40%/0点：20%未満 | E7: =SUMIF(KWRaw!J:J,"平均より上",KWRaw!Q:Q)/SUM(KWRaw!Q:Q) -> #N/A | F7: =IF(E7>=0.6,4,IF(AND(E7<0.6,E7>=0.5),3,IF(AND(E7<0.5,E7>=0.4),2,IF(AND(E7<0.4,E7>=0.2),1,0)))) -> #N/A
A8: クリエイティブ | B8: KW | C8: 推定CTRが平均より上のKWコストシェアが60%以上か | D8: 4点：60％以上/3点：50~60%/2点：40~50%/1点：20~40%/0点：20%未満 | E8: =SUMIF(KWRaw!K:K,"平均より上",KWRaw!Q:Q)/SUM(KWRaw!Q:Q) -> #N/A | F8: =IF(E8>=0.6,4,IF(AND(E8<0.6,E8>=0.5),3,IF(AND(E8<0.5,E8>=0.4),2,IF(AND(E8<0.4,E8>=0.2),1,0)))) -> #N/A
A9: クリエイティブ | B9: 広告文 | C9: 配信中の広告文は80%以上がユニークか | D9: 4点：80％以上/3点：60~80%/2点：40~60%/1点：20~40%/0点：20%未満 | E9: {=(rows(UNIQUE('広告Raw'!H:AT))-1)/(COUNTIF('広告Raw'!A:A,"*")-1)} -> #REF! | F9: =IF(E9>=0.8,4,IF(AND(E9<0.8,E9>=0.6),3,IF(AND(E9<0.6,E9>=0.4),2,IF(AND(E9<0.4,E9>=0.2),1,0)))) -> #REF!
A10: クリエイティブ | B10: 広告文 | C10: 配信中のLPが複数種類設定されているか | D10: 4点：3つ以上/2点：2つ/0点：1つ | E10: =IFERROR(__xludf.DUMMYFUNCTION("COUNTUNIQUEIFS('広告Raw'!D:D,'広告Raw'!CE:CE,"">0"")"),"#N/A") -> #N/A | F10: =IF(E10>=3,4,IF(E10=2,2,0)) -> #N/A
A11: ターゲティング | B11: KW | C11: 部分一致のコスト比率が60％以上か | D11: 4点：60％以上/3点：50~60%/2点：40~50%/1点：20~40%/0点：20%未満 | E11: =SUMIFs(KWRaw!Q:Q,KWRaw!E:E,"インテント マッチ",KWRaw!C:C,"<>#NAME?")/SUM(KWRaw!Q:Q) -> #N/A | F11: =IF(E11>=0.6,4,IF(AND(E11<0.6,E11>=0.5),3,IF(AND(E11<0.5,E11>=0.4),2,IF(AND(E11<0.4,E11>=0.2),1,0)))) -> #N/A
A12: ターゲティング | B12: ADG | C12: コスト比率の10%以上をDSAが占めるか | D12: 4点：10％以上/3点：7~10%/2点：4~7%/1点：0~4%/0点：0% | E12: =SUMIF(ADGRaw!I:I,"*動的広告*",ADGRaw!U:U)/SUM(ADGRaw!U:U) -> #N/A | F12: =IF(E12>=0.1,4,IF(AND(E12<0.1,E12>=0.07),3,IF(AND(E12<0.07,E12>=0.04),2,IF(AND(E12<0.04,E12>0),1,0)))) -> #N/A
A13: ターゲティング | B13: クエリ | C13: コンバージョン上位の検索クエリをキーワード登録できているか | D13: 4点：90％以上/3点：80~90%/2点：70~80%/1点：60~70%/0点：60%未満 | E13: =IFERROR(__xludf.DUMMYFUNCTION("(countif(SORTN('クエリRaw'!A:L,11,1,12,false),""*追加済み*"")-1)/(ROWS(SORTN('クエリRaw'!A:L,11,1,12,false))-1)"),"#REF!") -> #REF! | F13: =IF(E13>=0.9,4,IF(AND(E13<0.9,E13>=0.8),3,IF(AND(E13<0.8,E13>=0.7),2,IF(AND(E13<0.7,E13>=0.6),1,0)))) -> #REF!
A14: ターゲティング | B14: クエリ | C14: コスト化クエリ（全体CPAの1.5倍以上の費用で0CVもしくは全体CPAの2倍以上のクエリ）の割合が10%未満か | D14: 4点：10%未満/3点：10~15%/2点：15~20%/1点：20~25%/0点：25%以上 | E14: =(SUMIFS('クエリRaw'!K:K,'クエリRaw'!L:L,"0",'クエリRaw'!K:K,">"&(SUM('クエリRaw'!K:K)/SUM('クエリRaw'!L:L))*1.5)+sumif('クエリRaw'!M:M,">"&SUM('クエリRaw'!K:K)/SUM('クエリRaw'!L:L)*2,'クエリRaw'!K:K))/SUM('クエリRaw'!K:K) -> #N/A | F14: =IF(E14<0.1,4,IF(AND(E14>=0.1,E14<0.15),3,IF(AND(E14>=0.15,E14<0.2),2,IF(AND(E14>=0.2,E14<0.25),1,0)))) -> #N/A
A15: 入札 | B15: キャンペーン | C15: 自動入札を使っているキャンペーンのコスト比率が80％以上か | D15: 4点：80％以上/3点：60~80%/2点：40~60%/1点：20~40%/0点：20%未満 | E15: =SUMIF(ADGRaw!H:H,"<>*クリック単価",ADGRaw!U:U)/SUM(ADGRaw!U:U) -> #N/A | F15: =IF(E15>=0.8,4,IF(AND(E15<0.8,E15>=0.6),3,IF(AND(E15<0.6,E15>=0.4),2,IF(AND(E15<0.4,E15>=0.2),1,0)))) -> #N/A
A16: 入札 | B16: キャンペーン | C16: ポートフォリオ入札を使用しているキャンペーンのコスト比率が60%以上か | D16: 4点：60％以上/3点：50~60%/2点：40~50%/1点：20~40%/0点：20%未満 | E16: =SUMIF(ADGRaw!J:J,"<>--",ADGRaw!U:U)/SUM(ADGRaw!U:U) -> #N/A | F16: =IF(E16>=0.6,4,IF(AND(E16<0.6,E16>=0.5),3,IF(AND(E16<0.5,E16>=0.4),2,IF(AND(E16<0.4,E16>=0.2),1,0)))) -> #N/A
A17: 入札 | B17: ADG | C17: tROASを活用できているADGのコスト比率が40%以上か | D17: 4点：40％以上/3点：30~40%/2点：20~30%/1点：0~20%/0点：0% | E17: =SUMIF(ADGRaw!H:H,"目標広告費用対効果",ADGRaw!U:U)/SUM(ADGRaw!U:U) -> #N/A | F17: =IF(E17>=0.4,4,IF(AND(E17<0.4,E17>=0.3),3,IF(AND(E17<0.3,E17>=0.2),2,IF(AND(E17<0.2,E17>0),1,0)))) -> #N/A
A18: 入札 | B18: ADG | C18: 30CVs/月を担保できているADGのコスト比率が60％以上か | D18: 4点：60％以上/3点：50~60%/2点：40~50%/1点：20~40%/0点：20%未満 | E18: =SUMIF(ADGRaw!V:V,">=30",ADGRaw!U:U)/SUM(ADGRaw!U:U) -> #N/A | F18: =IF(E18>=0.6,4,IF(AND(E18<0.6,E18>=0.5),3,IF(AND(E18<0.5,E18>=0.4),2,IF(AND(E18<0.4,E18>=0.2),1,0)))) -> #N/A
A19: 管理 | B19: ADG | C19: インプレッション損失率が5％未満か | D19: 4点：0~5%/3点：5~10%/2点：10~20%/1点：20~40%/0点：40%以上 | E19: =SUMPRODUCT(CPRaw!F:F,CPRaw!G:G)/SUM(CPRaw!G:G) -> #REF! | F19: =IF(E19<0.05,4,IF(AND(E19>=0.05,E19<0.1),3,IF(AND(E19>=0.1,E19<0.2),2,IF(AND(E19>=0.2,E19<0.4),1,0)))) -> #REF!
A20: 管理 | B20: KW | C20: 指名KWの上位IMP割合が90％以上か | D20: 4点：90％以上/3点：85~90%/2点：80~85%/1点：75~80%/0点：75%未満 | E20: =SUMPRODUCT((KWRaw!G:G=Config!C3)+(KWRaw!G:G=Config!C4)+(KWRaw!G:G=Config!C5)+(KWRaw!G:G=Config!C6)+(KWRaw!G:G=Config!C7)+(KWRaw!G:G=Config!C8)+(KWRaw!G:G=Config!C9)+(KWRaw!G:G=Config!C10)+(KWRaw!G:G=Config!C11)+(KWRaw!G:G=Config!C12)+(KWRaw!G:G=Config!C13)+(KWRaw!G:G=Config!C14)+(KWRaw!G:G=Config!C15)+(KWRaw!G:G=Config!C16)+(KWRaw!G:G=Config!C17)+(KWRaw!G:G=Config!C18)+(KWRaw!G:G=Config!C19)+(KWRaw!G:G=Config!C20)+(KWRaw!G:G=Config!C21)+(KWRaw!G:G=Config!C22),KWRaw!N:N,KWRaw!M:M)/SUMPRODUCT((KWRaw!G:G=Config!C3)+(KWRaw!G:G=Config!C4)+(KWRaw!G:G=Config!C5)+(KWRaw!G:G=Config!C6)+(KWRaw!G:G=Config!C7)+(KWRaw!G:G=Config!C8)+(KWRaw!G:G=Config!C9)+(KWRaw!G:G=Config!C10)+(KWRaw!G:G=Config!C11)+(KWRaw!G:G=Config!C12)+(KWRaw!G:G=Config!C13)+(KWRaw!G:G=Config!C14)+(KWRaw!G:G=Config!C15)+(KWRaw!G:G=Config!C16)+(KWRaw!G:G=Config!C17)+(KWRaw!G:G=Config!C18)+(KWRaw!G:G=Config!C19)+(KWRaw!G:G=Config!C20)+(KWRaw!G:G=Config!C21)+(KWRaw!G:G=Config!C22),KWRaw!N:N) -> #REF! | F20: =IF(E20>=0.9,4,IF(AND(E20<0.9,E20>=0.85),3,IF(AND(E20<0.85,E20>=0.8),2,IF(AND(E20<0.5,E20>=0.75),1,0)))) -> #REF!
A21: 管理 | B21: デバイス | C21: デバイス成果に応じた予算配分ができているか | D21: 4点：未実施ADGなし/3点：未実施のADGが30%以下/2点：未実施のADGが60%以下/1点：実施/0点：未実施 | E21: =SUMIFS(ADGRaw!U:U,ADGRaw!L:L,"--",ADGRaw!M:M,"--",ADGRaw!N:N,"--",ADGRaw!O:O,"--",ADGRaw!P:P,"--",ADGRaw!Q:Q,"--")/SUM(ADGRaw!U:U) -> #N/A | F21: =IF(E21=0,4,IF(AND(E21>0,E21<=0.3),3,IF(AND(E21>0.3,E21<=0.6),2,IF(AND(E21>0.6,E21<1),1,0)))) -> #N/A
A22: 管理 | B22: 変更履歴 | C22: KW追加/除外を定期的に行えているか | D22: 4点：12以上/3点：9~11/2点：6~8/1点：4~5/0点：3以下 | E22: =IFERROR(__xludf.DUMMYFUNCTION("COUNTUNIQUEIFS('変更履歴Raw(過去半年)'!G:G,'変更履歴Raw(過去半年)'!C:C,""<>Recommendations Auto-Apply"",'変更履歴Raw(過去半年)'!F:F,""*キーワード*"")"),"#N/A") -> #N/A | F22: =IF(E22>=12,4,IF(AND(E22<=11,E22>=9),3,IF(AND(E22<=8,E22>=6),2,IF(AND(E22<=5,E22>=4),1,0)))) -> #N/A
A23: 管理 | B23: 変更履歴 | C23: 広告文PDCAを定期的に行えているか | D23: 4点：6以上/3点：5/2点：4/1点：3/0点：2以下 | E23: =IFERROR(__xludf.DUMMYFUNCTION("COUNTUNIQUEIFS('変更履歴Raw(過去半年)'!G:G,'変更履歴Raw(過去半年)'!C:C,""<>Recommendations Auto-Apply"",'変更履歴Raw(過去半年)'!F:F,""*レスポンシブ検索*"")"),"#N/A") -> #N/A | F23: =IF(E23>=6,4,IF(E23=5,3,IF(E23=4,2,IF(E23=3,1,0)))) -> #N/A
A24: 発展 | B24: コンバージョン | C24: 顧客データを自動入札に活用している | D24: 4点：使用している/0点：使用なし | E24: =COUNTIF('CV発生元Raw'!C:C,"*インポート*") -> #REF! | F24: =IF(E24>=1,4,0) -> #REF!
A25: 発展 | C25: ブランドコントロール機能を活用している | D25: 4点：40％以上//2点：10~40%//0点：10%未満 | E25: =SUMPRODUCT((KWRaw!G:G=Config!C3)+(KWRaw!G:G=Config!C4)+(KWRaw!G:G=Config!C5)+(KWRaw!G:G=Config!C6)+(KWRaw!G:G=Config!C7)+(KWRaw!G:G=Config!C8)+(KWRaw!G:G=Config!C9)+(KWRaw!G:G=Config!C10)+(KWRaw!G:G=Config!C11)+(KWRaw!G:G=Config!C12)+(KWRaw!G:G=Config!C13)+(KWRaw!G:G=Config!C14)+(KWRaw!G:G=Config!C15)+(KWRaw!G:G=Config!C16)+(KWRaw!G:G=Config!C17)+(KWRaw!G:G=Config!C18)+(KWRaw!G:G=Config!C19)+(KWRaw!G:G=Config!C20)+(KWRaw!G:G=Config!C21)+(KWRaw!G:G=Config!C22),KWRaw!E:E="部分一致",KWRaw!Q:Q)/SUMPRODUCT((KWRaw!G:G=Config!C3)+(KWRaw!G:G=Config!C4)+(KWRaw!G:G=Config!C5)+(KWRaw!G:G=Config!C6)+(KWRaw!G:G=Config!C7)+(KWRaw!G:G=Config!C8)+(KWRaw!G:G=Config!C9)+(KWRaw!G:G=Config!C10)+(KWRaw!G:G=Config!C11)+(KWRaw!G:G=Config!C12)+(KWRaw!G:G=Config!C13)+(KWRaw!G:G=Config!C14)+(KWRaw!G:G=Config!C15)+(KWRaw!G:G=Config!C16)+(KWRaw!G:G=Config!C17)+(KWRaw!G:G=Config!C18)+(KWRaw!G:G=Config!C19)+(KWRaw!G:G=Config!C20)+(KWRaw!G:G=Config!C21)+(KWRaw!G:G=Config!C22),KWRaw!Q:Q) -> #REF! | F25: =IF(E25>=0.4,4,IF(AND(E25<0.4,E25>=0.1),2,0)) -> #REF!
F26: =SUM(F3:F25)&"/"&(100-COUNTIF(F3:F25,"要確認")*4)&"点" -> #N/A
